Title,Tv Id,Current Price,Store,Date
" Samsung UE28N4305 28"" Τηλεόραση Smart TV",UE28N4305,189,Same Price,2020-06-29
" LG 32LM550 32"" Τηλεόραση LED",32LM550,199,Same Price,2020-06-29
" Samsung UE32T4302 32"" Τηλεόραση Smart TV",UE32T4302,229,Same Price,2020-06-29
" LG 32LM630 32"" Τηλεόραση Smart TV",32LM630,279,Same Price,2020-06-29
" Samsung UE32T5302 32"" Τηλεόραση Smart TV",UE32T5302,299,Same Price,2020-06-29
" LG 43LK5100 43"" Τηλεόραση LED",43LK5100,329,Same Price,2020-06-29
" LG 43UM7450 43"" Τηλεόραση Smart 4K TV",43UM7450,349,Same Price,2020-06-29
" Sony KDL40WE665 40"" Τηλεόραση Smart TV",KDL40WE665,369,Same Price,2020-06-29
" Sony KDL40WE665 40"" Τηλεόραση Smart TV",KDL40WE665,369,Same Price,2020-06-29
" LG 50UM7450 50"" Τηλεόραση Smart 4K TV",50UM7450,399,Same Price,2020-06-29
" Samsung UE43TU8072 43"" Τηλεόραση Smart 4K TV",UE43TU8072,399,Same Price,2020-06-29
" Samsung UE43TU8502 43"" Τηλεόραση Smart 4K TV",UE43TU8502,489,Same Price,2020-06-29
" Sony KDL50WF665 50"" Τηλεόραση Smart TV",KDL50WF665,499,Same Price,2020-06-29
" Samsung UE50TU8072 50"" Τηλεόραση Smart 4K TV",UE50TU8072,499,Same Price,2020-06-29
" Sony KD49XG7096 49"" Τηλεόραση Smart 4K TV",KD49XG7096,519,Same Price,2020-06-29
" Samsung UE50RU7402 50"" Τηλεόραση Smart 4K TV",UE50RU7402,529,Same Price,2020-06-29
" Samsung UE55TU8072 55"" Τηλεόραση Smart 4K TV",UE55TU8072,529,KOTSOVOLOS,2020-06-29
" Samsung UE50TU8502 50"" Τηλεόραση Smart 4K TV",UE50TU8502,599,Same Price,2020-06-29
" LG 55SM8200 55"" Τηλεόραση Smart 4K TV",55SM8200,699,Same Price,2020-06-29
" LG 70UM7100 70"" Τηλεόραση Smart 4K TV",70UM7100,699,Same Price,2020-06-29
" Samsung UE55TU8502 55"" Τηλεόραση Smart 4K TV",UE55TU8502,699,Same Price,2020-06-29
" Samsung UE65TU8072 65"" Τηλεόραση Smart 4K TV",UE65TU8072,799,Same Price,2020-06-29
" Sony KD65XG7096 65"" Τηλεόραση Smart 4K TV",KD65XG7096,849,Same Price,2020-06-29
" Samsung UE65TU8502 65"" Τηλεόραση Smart 4K TV",UE65TU8502,949,Same Price,2020-06-29
" LG 55SM9010 55"" Τηλεόραση Smart 4K TV",55SM9010,999,Same Price,2020-06-29
" LG 70UM7450 70"" Τηλεόραση Smart 4K TV",70UM7450,1149,Same Price,2020-06-29
" LG 70UM7450 70"" Τηλεόραση Smart 4K TV",70UM7450,1149,Same Price,2020-06-29
" LG 75UM7110 75"" Τηλεόραση Smart 4K TV",75UM7110,1199,Same Price,2020-06-29
" Sony KD75XG8096 75"" Τηλεόραση Smart 4K TV",KD75XG8096,1299,Same Price,2020-06-29
" Samsung The Frame QLED QE43LS03 43"" Τηλεόραση Smart 4K TV",The,1299,KOTSOVOLOS,2020-06-29
" Samsung The Frame QLED QE43LS03 43"" Τηλεόραση Smart 4K TV",The,1299,KOTSOVOLOS,2020-06-29
" Samsung The Frame QLED QE43LS03 43"" Τηλεόραση Smart 4K TV",The,1299,KOTSOVOLOS,2020-06-29
" Samsung The Frame QLED QE43LS03 43"" Τηλεόραση Smart 4K TV",The,1299,KOTSOVOLOS,2020-06-29
" Samsung The Frame QLED QE43LS03 43"" Τηλεόραση Smart 4K TV",The,1299,KOTSOVOLOS,2020-06-29
" Samsung The Frame QLED QE43LS03 43"" Τηλεόραση Smart 4K TV",The,1299,KOTSOVOLOS,2020-06-29
" Samsung The Frame QLED QE43LS03 43"" Τηλεόραση Smart 4K TV",The,1299,KOTSOVOLOS,2020-06-29
" Samsung The Frame QLED QE43LS03 43"" Τηλεόραση Smart 4K TV",The,1299,KOTSOVOLOS,2020-06-29
" Samsung The Serif QLED QE43LS01TA 43"" White Τηλεόραση Smart 4K TV",The,1299,KOTSOVOLOS,2020-06-29
" Samsung The Serif QLED QE43LS01TA 43"" White Τηλεόραση Smart 4K TV",The,1299,KOTSOVOLOS,2020-06-29
" Samsung The Serif QLED QE43LS01TA 43"" White Τηλεόραση Smart 4K TV",The,1299,KOTSOVOLOS,2020-06-29
" Samsung The Serif QLED QE43LS01TA 43"" White Τηλεόραση Smart 4K TV",The,1299,KOTSOVOLOS,2020-06-29
" Samsung The Serif QLED QE43LS01TA 43"" White Τηλεόραση Smart 4K TV",The,1299,KOTSOVOLOS,2020-06-29
" Samsung The Serif QLED QE43LS01TA 43"" White Τηλεόραση Smart 4K TV",The,1299,KOTSOVOLOS,2020-06-29
" Samsung The Serif QLED QE43LS01TA 43"" White Τηλεόραση Smart 4K TV",The,1299,KOTSOVOLOS,2020-06-29
" Samsung The Serif QLED QE43LS01TA 43"" White Τηλεόραση Smart 4K TV",The,1299,KOTSOVOLOS,2020-06-29
" Samsung The Serif QLED QE49LS01TA 49"" White Τηλεόραση Smart 4K TV",The,1399,KOTSOVOLOS,2020-06-29
" Samsung The Serif QLED QE49LS01TA 49"" White Τηλεόραση Smart 4K TV",The,1399,KOTSOVOLOS,2020-06-29
" Samsung The Serif QLED QE49LS01TA 49"" White Τηλεόραση Smart 4K TV",The,1399,KOTSOVOLOS,2020-06-29
" Samsung The Serif QLED QE49LS01TA 49"" White Τηλεόραση Smart 4K TV",The,1399,KOTSOVOLOS,2020-06-29
" Samsung The Serif QLED QE49LS01TA 49"" White Τηλεόραση Smart 4K TV",The,1399,KOTSOVOLOS,2020-06-29
" Samsung The Serif QLED QE49LS01TA 49"" White Τηλεόραση Smart 4K TV",The,1399,KOTSOVOLOS,2020-06-29
" Samsung The Serif QLED QE49LS01TA 49"" White Τηλεόραση Smart 4K TV",The,1399,KOTSOVOLOS,2020-06-29
" Samsung The Serif QLED QE49LS01TA 49"" White Τηλεόραση Smart 4K TV",The,1399,KOTSOVOLOS,2020-06-29
" Sony KD49XH9505 49"" Τηλεόραση Smart 4K TV",KD49XH9505,1449,Same Price,2020-06-29
" Samsung The Frame QLED QE50LS03 50"" Τηλεόραση Smart 4K TV",The,1499,KOTSOVOLOS,2020-06-29
" Samsung The Frame QLED QE50LS03 50"" Τηλεόραση Smart 4K TV",The,1499,KOTSOVOLOS,2020-06-29
" Samsung The Frame QLED QE50LS03 50"" Τηλεόραση Smart 4K TV",The,1499,KOTSOVOLOS,2020-06-29
" Samsung The Frame QLED QE50LS03 50"" Τηλεόραση Smart 4K TV",The,1499,KOTSOVOLOS,2020-06-29
" Samsung The Frame QLED QE50LS03 50"" Τηλεόραση Smart 4K TV",The,1499,KOTSOVOLOS,2020-06-29
" Samsung The Frame QLED QE50LS03 50"" Τηλεόραση Smart 4K TV",The,1499,KOTSOVOLOS,2020-06-29
" Samsung The Frame QLED QE50LS03 50"" Τηλεόραση Smart 4K TV",The,1499,KOTSOVOLOS,2020-06-29
" Samsung The Frame QLED QE50LS03 50"" Τηλεόραση Smart 4K TV",The,1499,KOTSOVOLOS,2020-06-29
